CATEGORY	BIBTEXKEY	author	title	year	publisher	address	pages	booktitle	editor	journal	volume	number	school	note	url
book	abdullaev1950	Абдуллаев, Сайгид Н.	Даргинско-русский словарь 	1950	Институт истории, языка и литературы им. Г. Цадасы	Махачкала			Сулейманов Х. Ш.						
book	abdullaev1954	Абдуллаев, Сайгид Н.	Грамматика даргинского языка	1954	ИЯЛИ	Махачкала									
book	abdullaevaetal2014	Абдуллаева, Айшат З. и Гаджиахмедов, Нурмагомед Э. и Кадыраджиев, Калсын С. и Керимов, Ибрагим А. и Ольмесов, Нурмагомед Х. и Хангишиев, Джангиши М.	Современный кумыкский язык	2014	ИЯЛИ	Махачкала									
incollection	alekseev1994	Alekseev, Mikhail E.	Rutul	1994	Caravan Books	Delmar NY	147--212	The indigenous languages of the Caucasus. Volume 4. Part 2	Smeets, Riek						
incollection	alekseev1998	Алексеев, Михаил Е.	Андийский язык	1998	Academia	Москва	221--228	Языки мира. Кавказские языки	Алексеев, Михаил Е. и др.						
incollection	alekseev2016	Alekseev, Mikhail E.	Rutul	2016	De Gruyter Mouton	Berlin/Boston	3536--3545	Word-Formation. An International Handbook of the Languages of Europe. Volume 5	Müller, Peter O. and Ohnheiser, Ingeborg and Olsen, Susan and Rainer, Franz						
book	alekseevataev1997	Алексеев, Михаил Егорович и Атаев, Борис Махаевич	Аварский язык	1997	Академия	Москва									
book	alekseevetal1998	Алексеев, Михаил Е. и Климов, Георгий А. и Старостин, Сергей А. и Тестелец, Яков Г. 	Языки мира. Кавказские языки	1998	Academia	Москва									
book	alekseevetal2008	Алексеев, Михаил Е. и Майсак, Тимур А. и Ганенков, Дмитрий С. и Ландер, Юрий А.	Удинский сборник: Грамматика. Лексика. История языка	2008	Академия	Москва									
book	alekseevetal2012	Алексеев, Михаил Е. и Атаев, Борис Махаевич и Магомедов, Магомед Абдулкадирович и Магомедов, Магомед Ибрагимович и Мадиева, Гюльжаган Исмаиловна и Саидова, Патимат Абдулаевна и Самедов, Джалиль Самедович	Современный аварский язык	2012	Aleph	Махачкала									
book	alekseevshixalieva2003	Алексеев, Михаил Е. и Шихалиева, Сабрина Х.	Табасаранский язык	2003	Академия	Москва									
incollection	alekseyev2016	Alekseyev, Mikhail	Botlikh	2016	De Gruyter Mouton	Berlin/Boston	3678--3685	Word-Formation. An International Handbook of the Languages of Europe. Volume 5	Müller, Peter O. and Ohnheiser, Ingeborg and Olsen, Susan and Rainer, Franz						
unpublished	alexeyevverheesdraft2020	Alexeyev, Mikhail and Verhees, Samira	Botlikh	2020	De Gruyter Mouton	Berlin/New York		The Caucasian Languages. An International Handbook	Koryakov, Yuri and Maisak, Timur						
phdthesis	alisultanova2009	Алисултанова, Меседу А.	Лексика андийского языка	2009	Дагестанский научный центр Российской академии наук  Институт языка, литературы и искусства им. Гамзата Цадасы	Махачкала									
book	authier2009	Authier, Gilles	Grammaire kryz	2009	Peeters	Paris									
article	authier2010	Authier, Gilles	Azeri morphology in Kryz (East Caucasian)	2010			14--42			Turkic Languages					
book	authier2012	Authier, Gilles	Grammaire juhuri, ou judéo-tat, langue iranienne des Juifs du Caucase de l’est	2012	Dr. Ludwig Reichert Verlag Wiesbaden	Wiesbaden									
unpublished	authierdraft2020	Authier, Gilles	Tindi	2020	De Gruyter Mouton	Berlin/New York		The Caucasian Languages. An International Handbook	Koryakov, Yuri and Maisak, Timur						
incollection	authierhaciyev2016	Authier, Gilles and Adigözel Haciyev	Budugh	2016	De Gruyter Mouton	Berlin/Boston	3546--3563	Word-Formation. An International Handbook of the Languages of Europe. Volume 5	Müller, Peter O. and Ohnheiser, Ingeborg and Olsen, Susan and Rainer, Franz						
phdthesis	azaev1974	Азаев, Халил Г.	Лексика и словообразование ботлихского языка	1974		Махачкала							Дагестанский филиал АН СССР, Институт истории языка и литературы им. Г. Цадасы		
incollection	azaev2000	Азаев, Халил Г.	Ботлихский язык	2000	Восток	Москва/Махачкала	346--359	Языки Дагестана	Гамзатов, Гаджи Г.						
phdthesis	babaliyeva2013	Babaliyeva, Ayten	Études sur la morphosyntaxe du tabasaran littéraire	2013									École Pratique des Hautes Études		
book	baskakov1940	Баскаков, Николай А.	Ногайский язык и его диалекты: грамматика, тексты и словарь	1940	Издательство Академии наук СССР	Москва									
incollection	baskakov1996	Баскаков, Н. А.	Ногайский язык	1996		Москва	328--335	Языки мира. Тюркские языки	Н. В. Рогова, О. И. Романова, И. М. Черкасова						
incollection	belyaev2018	Belyaev, Oleg	Aorist, Resultative and Perfect in Shiri Dargwa and beyond	2018	Brill	Leiden	80--119		Forker, Diana and Maisak, Timur						
incollection	boeder2000	Boeder, Winfried	Evidentiality in Georgian	2000	Mouton de Gruyter	Berlin/New York	275--328	Evidentials. Turkic, Iranian and neighbouring languages	Johanson, Lars and Utas, Bo						
book	bokarev1949a	Бокарёв, Анатолий А.	Очерк грамматики чамалинского языка	1949	Издательство Академии наук СССР	Москва/Ленинград									
book	bokarev1949b	Бокарёв, Анатолий А.	Синтаксис аварского языка	1949	Издательство Академии наук СССР	Москва									
book	bokarev1959	Бокарёв, Евгений А.	Цезские (дидойские) языки Дагестана	1959	Академия	Москва									
book	bokarev1959tsez	Бокарёв, Евгений А.	Цезский язык	1959	Академия	Москва	175--221	Цезские (дидойские) языки Дагестана	Бокарёв, Евгений А.						
book	cercvadze1965	Cercvadze, Ilia I.	Andiuri ena 	1965	Mecniereba	Tbilisi									
incollection	chechuro2019	Chechuro, Ilya	Nominal morphology of Mehweb	2019	Language Science Press	Berlin	39--72	The Mehweb language. Essays on phonology, morphology and syntax	Daniel, Michael and Dobrushina, Nina and Ganenkov, Dmitry						
incollection	chumakina2016	Chumakina, Marina	Archi	2016	De Gruyter Mouton	Berlin/Boston	3595--3604	Word-Formation. An International Handbook of the Languages of Europe. Volume 5	Müller, Peter O. and Ohnheiser, Ingeborg and Olsen, Susan and Rainer, Franz						
incollection	chumakinacorbett2008	Chumakina, Marina and Greville G. Corbett	Archi: the challenge of an extreme agreement system	2008	Языки славянских культур	Москва	184--194	Фонетика и нефонетика. К 70-летию Сандро В. Кодзасова	Архипов, Александр В. и др.						
misc	chumakinaetal2007	Chumakina, M., Brown, D., Corbett, G. G., & Quilliam, H.	A dictionary of Archi: Archi-Russian-English (Online edition)	2007	University of Surrey										
incollection	comrie2007	Comrie, Bernard	Tsez (Dido) Morphology	2007	Eisenbrauns	University Park, PA	1193--1204	Morphologies of Asia and Africa	Kaye, Alan S.						
book	comrieetal2015	Comrie, Bernard and Khalilov, Madzhid and Khalilova, Zaira	A grammar of Bezhta	2015	Max Planck Institute for Evolutionary Anthropology	Leipzig									
incollection	comriepolinsky2007	Comrie, Bernard and Polinsky, Maria	Evidentials in Tsez	2007	Peeters	Louvain/Paris/Dudley MA	335--350	L'Énonciation médiatisée II	Guentchéva, Zlatka and Landabaru, John						
incollection	comriepolinskydraft2020	Comrie, Bernard and Polinsky, Maria	Tsez	2020	De Gruyter Mouton	Berlin/New York		The Caucasian Languages. An International Handbook	Koryakov, Yuri and Maisak, Timur						
unpublished	creissels2008	Creissels, Denis	Optative in Akhvakh	2008										Questionnaire	http://www.deniscreissels.fr/public/Creissels-opt.Akhv.pdf
incollection	creissels2012	Creissels, Denis	External agreement in the converbal construction of Northern Akhvakh	2012	De Gruyter Mouton	Berlin/New York	127--156	Clause linkage in cross-linguistic perspective	Gast, Volker and Diessel, Holger						
incollection	creissels2013	Creissels, Denis	Floating genitives and possessive framing in Northern Akhvakh	2013	John Benjamins	Amsterdam/Philadelphia	333--354	The Genitive	Carlier, Anne and Verstraete, Jean-Christophe						
incollection	creissels2016	Creissels, Denis	Akhvakh	2016	De Gruyter Mouton	Berlin/Boston	3685--3694	Word-Formation. An International Handbook of the Languages of Europe. Volume 5	Müller, Peter O. and Ohnheiser, Ingeborg and Olsen, Susan and Rainer, Franz						
incollection	creissels2018	Creissels, Denis	Perfective tenses and epistemic modality in Northern Akhvakh	2018	Brill	Leiden	166--187	The semantics of verbal categories in Nakh-Daghestanian languages	Forker, Diana and Maisak, Timur						
unpublished	creisselsdraft2020	Creissels, Denis	A sketch of Northern Akhvakh	2020											
incollection	daniel2001	Даниэль, Михаил А.	Падеж и локализация 	2001	Наследие	Москва	203--230	Багвалинский язык. Грамматика, тексты, словари	Кибрик, Александр Е. и др.						
unpublished	daniel2006	Daniel, Michael	Reported speech in Archi: a new approach to the old data	2006										Morphosyntaxe des langues du Caucase, 11-14.12.2006, INALCO Paris. Handout	
book	danieletal2019	Daniel, Michael and Dobrushina, Nina and Ganenkov, Dmitry	The Mehweb language. Essays on phonology, morphology and syntax	2019	Language Science Press	Berlin									
incollection	daraganmaisak2001	Дараган, Юлия В. и Майсак, Тимур А.	Частицы, союзы и транскатегориальные показатели	2001	Наследие	Москва	173--184	Багвалинский язык. Грамматика, тексты, словари	Кибрик, Александр Е. и Лютикова, Екатерина А. и Татевосов, Сергей Г.						
book	desheriev1953	Дешериев, Юнус Д.	Бацбийский язык	1953	Академия	Москва									
book	desheriev1959	Дешериев, Юнус Д.	Грамматика хиналугского языка	1959	Академия	Москва									
book	desheriev1963	Дешериев, Юнус Д.	Сравнительно-историческая грамматика нахских языков и проблемы происхождения и исторического развития горских кавказских народов	1963	Чечено-Ингушское книжное издательство	Грозный									
incollection	desherieva1999	Дешериевa, T. И.	Нахские языки	1999	Российская академия наук	Москва	166--173	Языки мира. Кавказские языки.	Алексеев, М. Е. 						
book	dirr1906	Дирр, Адольф	Краткий грамматический очерк андийского языка с текстами,сборником андийских слов и русским к нему указателем.	1906		Тифлис (Тбилиси)									
book	dmitriev1940	Дмитриев, Николай К.	Грамматика кумыкского языка	1940	Академия	Москва									
incollection	dobrushina2011	Dobrushina, Nina  	The optative domain in East Caucasian languages	2011	Brockmeyer	Bochum 	95--130	Tense, aspect, modality and finiteness in East Caucasian languages	Authier, Gilles and Maisak, Timur						
incollection	dobrushinaetal1996	Dobrushina, Nina and Kibrik, Aleksandr and Tatevosov, Sergei	Verbs	1996	Lincom Europa	Munich/Newcastle	44--74	Godoberi	Kibrik, Alexandr E. and Tatevosov, Sergej G. and Eulenberg, Alexander						
incollection	dobrushinatatevosov1996	Dobrushina, Nina and Tatevosov, Sergei	Usage of verbal forms	1996	Lincom Europa	Munich/Newcastle	91--106	Godoberi	Kibrik, Alexandr E. and Tatevosov, Sergej G. and Eulenberg, Alexander						
book	dum-tragut2009	Dum-Tragut, Jasmine	Armenian	2009	John Benjamins	Amsterdam/Philadelphia									
book	dzhidalaev1994	Джидалаев, Н. С.	Русско-лакский словарь	1994	Институт истории, языка и литературы им. Г. Цадасы	Махачкала									
incollection	fedorova1996	Fedorova, Olga 	Usage of nominal forms	1996	Lincom Europa	Munich/Newcastle	76--91	Godoberi	Kibrik, Alexandr E. and Tatevosov, Sergej G. and Eulenberg, Alexander						
book	forker2013	Forker, Diana	A grammar of Hinuq	2013	De Gruyter Mouton	Berlin/Boston									
incollection	forker2014	Forker, Diana	The grammar of knowledge in Hinuq	2014	Oxford University Press	Oxford	52--68	The grammar of knowledge. A cross-linguistic typology	Aikhenvald, Alexandra Y. and Dixon, R.M.W.						
incollection	forker2018a	Forker, Diana	Evidentiality in Nakh-Daghestanian languages	2018	Oxford University Press	Oxford	490--509	The Oxford Handbook of Evidentiality	Aikhenvald, Alexandra Y.						
incollection	forker2018avar	Forker, Diana	The semantics of evidentiality and epistemic modality in Avar	2018	Brill	Leiden	188--214		Forker, Diana and Maisak, Timur						
article	forker2018b	Forker, Diana	Gender agreement is different	2018			865--894			Linguistics	56	4			
article	forker2019	Forker, Diana	The impact of language contact on Hinuq: Phonology, morphology, syntax, and lexicon	2019			29--62			Language Typology and Universals					
article	forker2019b	Forker, Diana	Reported speech constructions in Sanzhi Dargwa and their extension to other areas of grammar	2019			171--199			Sprachwissenschaft					
book	forker2020dargwa	Forker, Diana	A grammar of Sanzhi Dargwa	2020	Language Science Press	Berlin									https://langsci-press.org/catalog/book/250
unpublished	forkerdraft2020	Forker, Diana	Avar grammar sketch	2020	Oxford University Press	Oxford		Oxford Handbook of Languages of the Caucasus	Polinsky, Maria						
article	friedman1984	Friedman, Victor A.	Status in the Lak verbal system	1984			135--149			Folia Slavica					
incollection	friedman2007	Friedman, Victor A.	The expression of speaker subjectivity in Lak (Daghestan)	2007	Peeters	Louvain/Paris/Dudley MA	351--376	L'Énonciation médiatisée II	Guentchéva, Zlatka and Landabaru, John						
book	gadzhiakhmedov2000	Гаджиахмедов, Нурмагомед Э.	Словоизменительные категории имени и глагола в кумыкском языке	2000	Юпитер	Махачкала									
phdthesis	gadzhieva2007	Гаджиева, Марьям Зубайровна	Фонетические и морфологические особенности тукитинского диалекта каратинского языка	2007									Дагестанский государственный педагогический университет		
incollection	ganenkov2008	Ганенков, Дмитрий С.	Морфологическая и семантическая характеристика падежей удинского языка	2008	Академия	Москва	11--53	Удинский сборник: грамматика, лексика, история языка	Алексеев, Михаил Е. и Майсак, Тимур А. и Ганенков, Дмитрий С. и Ландер, Юрий А.						
article	ganenkovetal2009	Ганенков, Дмитрий С. и Майсак, Тимур А. и Мерданова, Солмаз Р.	Дискурсивная анафора в агульском языке	2009	Институт языкознания РАН	Москва									
book	ganieva2002	Ганиева, Ф. А.	Хиналугско-русский словарь	2002	ДНЦ РАН	Махачкала									
book	gasanova1971	Гасанова, С. М.	Очерки даргинской диалектологии	1971	Институт истории, языка и литературы им. Г. Цадасы	Махачкала									
book	gaydarovetal2009	Гайдаров, Р. И. и Гюльмагомедов, А. Г. и Мейланов, У. А. и Талибов, Б. Б.	Современный лезгинский язык	2009	Дагестанский научный центр Российской академии наук Институт языка, литературы и искусства им. Гамзата Цадасы	Махачкала									
book	gimbatov2006	Гимбатов, М. М.	Аварско-русский словарь	2006	ДНЦ РАН	Махачкала									
book	griunberg1963	Грюнберг, А. Л.	Язык североазербайджанских татов	1963	Издательство академии наук СССР	Ленинград			Соколова В. С.						
book	gudava1962	Gudava, Togo E.	Botlixuri ena	1962	Mecniereba	Tbilisi									
incollection	gudava1967	Гудава, Того Е.	Ботлихский язык	1967	Наука	Москва 	293--306	Языки народов СССР. Том 4. Иберийско-кавказские языки	Бокарев, Евгений А. и Ломатидзе Кетеван						
book	gudava1971	Гудава, Того Е.	Багвалинский язык. Резюме	1971	Мецниереба	Тбилиси	198--242	Багвалинский язык. Грамматический анализ с текстами							
book	gukasyan1974	Гукасян, Ворошил	Удинско-азербайджанско-русский словарь	1974	Элм	Баку									
book	harris2002	Harris, Alice C.	Endoclitics and the origins of Udi morphosyntax	2002	Oxford University Press	Oxford									
book	haspelmath1993	Haspelmath, Martin	A grammar of Lezgian	1993	Mouton de Gruyter	Berlin/New York									
incollection	haspelmath1996	Haspelmath, Martin	Complement clauses	1996	Lincom Europa	Munich/Newcastle	174--196	Godoberi	Kibrik, Alexandr E. and Tatevosov, Sergej G. and Eulenberg, Alexander						
book	hewitt1995	Hewitt, George	Georgian. A Structural Reference Grammar	1995	School of Oriental and African Studies, University of London	London				London Oriental and African Language Library	2		University of London		
book	hewitt2005	Hewitt, George	Georgian. A Learner's Grammar	2005	Routledge	London/New York									
incollection	holiskygagua1994	Holisky, Dee Ann and Gagua, Rusudan	Tsova-Tush (Batsbi)	1994	Caravan Books	Delmar NY	147--212	The indigenous languages of the Caucasus. Volume 4. Part 2	Smeets, Riek						
book	ibragimov1978	Ибрагимов, Гарун Х.	Рутульский язык	1978	Академия Наук СССР	Москва									
book	ibragimov1990	Ибрагимов, Гарун Х.	Цахурский язык	1990	Наука	Москва									
book	ibragimov2004	Ибрагимов, Гарун Х.	Рутульский язык	2004	Народы Дагестана	Махачкала									
book	ibragimovnurmamedov2010	Ибрагимов, Гарун Х. и Нурмамедов, Юнус М.	Цахурско-русский словарь	2010	Дагестанский Государственный Педагогический Университет	Махачкала									
book	isaev2001	Исаев, М.-Ш.А. 	Русско-даргинский словарь	2001	Институт истории, языка и литературы им. Г. Цадасы	Махачкала									
book	isakovxalilov2001	Исаков, Исак А. и Халилов, Маджид Ш.	Гунзибско-русский словарь	2001	ДНЦ РАН Институт языка, литературы и искусства им. Г. Цадасы и Институт эволюционной антропологии им. М. Планка	Махачкала									
book	isakovxalilov2012	Исаков, Исак А. и Халилов, Маджид Ш.	Гунзибский язык (Фонетика. Морфология. Словообразование. Лексика. Тексты)	2012	Институт истории, языка и литературы им. Г. Цадасы	Махачкала									
book	ismailova2011	Исмаилова, Эминат И.	Русско-рутульский словарь	2011	ДНЦ РАН Институт языка, литературы и искусства им. Г. Цадасы и Институт эволюционной антропологии им. М. Планка	Махачкала									
book	jakovlev1960	Яковлев, Николай Ф.	Морфология чеченского языка	1960	Издательство Академии наук СССР	Грозный									
incollection	johanson2018	Johanson, Lars	Turkic indirectivity	2018	Oxford University Press	Oxford	510--524	The Oxford Handbook of Evidentiality	Aikhenvald, Alexandra Y.						
incollection	kalinina1999	Калинина, Елена Ю.	Предложения с именным сказуемым	1999	Москва	Наследие	420--448	Элементы цахурского языка в типологическом освещении	Кибрик, Александр Е.						
book	kalmykovasarueva1973	Калмыкова, Софья А. и Саруева, Мария Ф.	Грамматика ногайского языка	1973	Ставропольское книжное издательство	Черкесск									
book	kankava2001	Канкава,Михаил В.	Грузинско-русский словарь	2001	Сакартвелос мацие	Тбилиси									
book	karasaevmaciev1978	Карасаев, Айсаш Т. и Мациев, Ахмет Г.	Русско-чеченский словарь	1978	Русский язык	Москва									
misc	kartozia2018	Kartozia, Inga	Gender Systems in Nakh-Daghestanian languages	2018										Database	https://kartozia.github.io/Gender-Systems-Database/, accessed: 2020-02-24.
unpublished	kayeetaldraft2020	Kaye, Stephen and Martynova, Aleksandra, and Moroz, George and Rochant, Neige and Verhees, Samira and Zakirova, Aigul	A sketch of Andi (Zilo dialect)	2020	De Gruyter Mouton	Berlin/New York		The Caucasian Languages. An International Handbook	Koryakov, Yuri and Maisak, Timur						
book	kazenin2013	Казенин, Константин И.	Синтаксис современного лакского языка	2013	ИЯЛИ	Махачкала									
book	kerimov1985	Керимов, Керим Р.	Глагол хиналугского языка	1985	Институт истории, языка и литературы им. Г. Цадасы	Махачкала									
book	khajdakov1962	Хайдаков, Саид М.	Лакско-русский словарь	1962	Государственное издательство иностранных и национальных словарей	Москва									
book	khajdakov1966	Хайдаков, Саид М.	Очерки по лакской диалектологии	1966	Наука	Москва									
phdthesis	khalilova2009	Khalilova, Zaira	A grammar of Khwarshi	2009									University of Leiden		
article	khalilova2011	Khalilova, Zaira	Evidentiality in Tsezic languages	2011			30--48			Linguistic Discovery					
book	kibrik1977	Кибрик, Александр Е.	Опыт структурного описания арчинского языка. Том II. Таксономическая грамматика	1977	Издательство Академии наук СССР	Москва									
book	kibrik1977dict	Кибрик, Александр Е.	Арчинский язык. Тексты и словари	1977	Издательство Академии наук СССР	Москва									
book	kibrik1977dynamic	Кибрик, Александр Е.	Опыт структурного описания арчинского языка. Том III. Динамическая грамматика	1977	Издательство Академии наук СССР	Москва									
book	kibrik1977vocphon	Кибрик, Александр Е., Кодзасов, Сандро В., Оловянникова И. П., Мамедов Д. С.	Опыт структурного описания арчинского языка. Том I. Лексика и фонетика	1977	Издательство Московского университета	Москва			Звегинцев В. А.						
incollection	kibrik1985	Kibrik, Andrej A.	Absentiv-aorist und resultativ in der andischen Sprache	1985	Friedrich Schiller Universität	Jena	55--66	Sprachen Europas und Asiens	Fähnrich, Heinz						
incollection	kibrik1994a	Kibrik, Aleksandr E.	Archi	1994	Caravan Press	Delmar, NY	297--365	The Indigenous Languages of the Caucasus. Vol. 4: The Northeast Caucasian Languages. Part 2	Smeets, Rieks						
incollection	kibrik1994b	Kibrik, Aleksandr E.	Khinalug	1994	Caravan Press	Delmar, NY	367--406	The Indigenous Languages of the Caucasus. Vol. 4: The Northeast Caucasian Languages. Part 2	Smeets, Rieks						
book	kibrik1999	Кибрик, Александр Е.	Элементы цахурского языка в типологическом освещении	1999	Москва	Наследие									
incollection	kibrik1999sem	Кибрик, Александр Е.	Семантическая эргативность	1999	Москва	Наследие	347--353	Элементы цахурского языка в типологическом освещении	Кибрик, Александр Е.						
book	kibrik2001	Кибрик, Александр Е. и Казенин, Константин И. и Лютикова, Екатерина А. и Татевосов, Сергей Г.	Багвалинский язык. Грамматика, тексты, словари	2001	Наследие	Москва									
book	kibriketal1972	Кибрик, Александр Е. и Кодзасов, Сандро В. и Оловянникова, Ирина П.	Фрагменты грамматики хиналугского языка	1972	Издательство Академии наук СССР	Москва									
book	kibriketal1996	Kibrik, Alexandr and Tatevosov, Sergej and Eulenberg, Alexander	Godoberi	1996	Lincom Europa	Munich/Newcastle									
book	kibrikkodzasov1990	Кибрик, Александр Е. и Кодзасов, Сандро В.  	Сопоставительное изучение дагестанских языков. Имя. Фонетика	1990	Издательство Академии наук СССР	Москва									
incollection	kozhukhar2019	Kozhukhar, Aleksandra	The self-pronoun in Mehweb	2019	Language Science Press	Berlin	271--293	The Mehweb language. Essays on phonology, morphology and syntax	Daniel, Michael and Dobrushina, Nina and Ganenkov, Dmitry						
incollection	kozintseva2000	Kozintseva, Natalia A.	Perfect forms as a means of expressing evidentiality in Modern Eastern Armenian	2000	Mouton de Gruyter	Berlin/New York	401--418	Evidentials. Turkic, Iranian and neighbouring languages	Johanson, Lars and Utas, Bo						
book	maciev1961	Мациев, А. Г.	Чеченско-русский словарь	1961	Государственное издательство иностранных и национальных словарей	Москва									
book	madieva1965	Мадиева, Гюльшахан И.	Грамматический очерк бежтинского языка	1965	ДГУ	Махачкала									
book	magomedbekova1967	Магомедбекова, Загидат М.	Ахвахский язык	1967	Мецниереба	Тбилиси									
book	magomedbekova1971	Магомедбекова, Загидат М.	Каратинский язык	1971	Мецниереба	Тбилиси									
incollection	magomedbekova1998	Магомедбекова, Загидат М.	Тиндинский язык	1998	Academia	Москва	25--32	Языки мира. Кавказские языки	Алексеев, Михаил Е. и др.						
incollection	magomedbekova2001	Магомедбекова, Загидат М.	Ботлихский язык	2001	Academia	Москва	228--236	Языки мира. Кавказские языки	Алексеев, Михаил Е. и др.						
book	magomedova1999	Магомедова, Патимат Т.	Чамалинско-русский словарь	1999	ИЯЛИ	Махачкала									
book	magomedova2003	Магомедова, Патимат Т.	Тиндинско-русский словарь	2003	ИЯЛИ	Махачкала									
book	magomedova2004	Магомедова, Патимат Т.	Багвалинско-русский словарь	2004	ИЯЛИ	Махачкала									
book	magomedova2012	Магомедова, Патимат Т.	Тиндинский язык	2012	ИЯЛИ	Махачкала									
book	magomedovaabdulaeva2007	Магомедова, Патимат Т. и Абдулаева, Индира А.	Ахвахско-русский словарь	2007	ИЯЛИ	Махачкала									
book	magomedovaxalidova2001	Магомедова, Патимат Т. и Халидова, Рашидат Ш.	Каратинско-русский словарь	2001	ИЯЛИ	Махачкала									
book 	magomedovsaidovakutta2017	Магомедов, Амирбек Д., Саидов-Акутта Набигулла И.	Кубачинско-русский словарь	2017	Наука	Санкт-Петербург									
book	magometov1963	Магометов, Александр А.	Кубачинский язык	1963	Академия Наук Грузинской ССР	Тбилиси									
book	magometov1965	Магометов, Александр А.	Табасаранский язык: исследование и тексты	1965	Мецниереба	Тбилиси									
book	magometov1970	Магометов, Александр А.	Агульский язык	1970	Мецниереба	Тбилиси									
book	magometov1982	Магометов, Александр А.	Мегебский диалект даргинского языка: исследование и тексты	1982	Мецниереба	Тбилиси									
book	maisak2014	Майсак, Тимур А.	Агульские тексты 1900-1960-х годов.	2014	Academia	Москва									
incollection	maisak2016	Майсак, Тимур А.	Перфект и аорист в ниджском диалекте удинского языка	2016	Наука	Санкт-Петербург	315--378	Типология перфекта	Майсак, Тимур А. и Плунгян, Владимир А. и Семёнова, Ксения П.						
unpublished	maisak2016andi	Майсак, Тимур А.	Глагольная система рикванинского говора андийского языка: формообразование	2016	Handout										
unpublished	maisak2017	Maisak, Timur	Tense and aspect among the factors conditioning the distribution of quotatives: data from Andi	2017										12th Conference of the Association for Linguistic Typology (ALT) Workshop ``Reported speech as a syntactic domain'' Canberra, 15 December 2017. Hand-out	
incollection	maisak2018	Maisak, Timur	The Aorist/Perfect distinction in Nizh Udi	2018	Brill	Leiden	120--165	The semantics of verbal categories in Nakh-Daghestanian languages	Forker, Diana and Maisak, Timur						
misc	maisak2020	Maisak, Timur	Affixal, phrasal and clausal caritives in Nakh-Daghestanian	2020											
incollection	maisak2021	Maisak, Timur	Structural and functional variations of the perfect in Lezgic languages	2021	John Benjamins	Amsterdam	88--115	The perfect volume	Eide, Kristin Melum and Fryd, Marc						
incollection	maisakchumakina2001	Майсак, Тимур А. и Чумакина, Марина Э.	Дискурсивные частицы	2001	Наследие	Москва	702--723	Багвалинский язык. Грамматика, тексты, словари	Кибрик, Александр Е. и Лютикова, Екатерина А. и Татевосов, Сергей Г.						
incollection	maisakganenkov2016	Maisak, Timur and Ganenkov, Dmitry 	Aghul	2016	De Gruyter Mouton	Berlin/Boston	3579--3594	Word-Formation. An International Handbook of the Languages of Europe. Volume 5	Müller, Peter O. and Ohnheiser, Ingeborg and Olsen, Susan and Rainer, Franz						
article	maisakmerdanova2002	Майсак, Тимур А. и Мерданова, Солмаз Р.	Категория эвиденциальности в агульском языке	2002			102--112			Кавказоведение					
book	maisakmerdanova2002b	Майсак, Тимур А. и Мерданова, Солмаз Р.	Глагольная система хпюкского говора агульского языка	2002	Manuscript										http://www.lingvarium.org/maisak/publ/Maisak_Merdanova-2002-verb.pdf
incollection	maisakmerdanova2016	Майсак, Тимур А. и Мерданова, Солмаз Р.	Перфект и смежные значения в агульском языке	2016	Наука	Санкт-Петербург	379--422	Типология перфекта	Майсак, Тимур А. и Плунгян, Владимир А. и Семёнова, Ксения П.						
article	maisaktatevosov1998	Майсак, Тимур А. и Татевосов, Сергей Г.	Кодирование эпистемического статуса средствами морфосинтаксиса	1998			60--88			Вопросы языкознания					
incollection	maisaktatevosov2001	Майсак, Тимур А. и Татевосов, Сергей Г.	Эвиденциальность	2001	Наследие	Москва	293--318	Багвалинский язык. Грамматика, тексты, словари	Кибрик, Александр Е. и Лютикова, Екатерина А. и Татевосов, Сергей Г.						
incollection	maisaktatevosov2007	Maisak, Timur and Tatevosov, Sergei	Beyond evidentiality and mirativity. Evidence from Tsakhur	2007	Peeters	Louvain/Paris/Dudley MA	377--406	L'Énonciation médiatisée II	Guentchéva, Zlatka and Landabaru, John						
book	mallaeva2007	Маллаева, Зулайхат М.	Глагол аварского языка: структура, семантика, функции	2007	ИЯЛИ	Махачкала									
article	mallaevaxajbullaeva2015	Маллаева, Зулайхат М. и Хайбуллаева, Мадина М.	Конвербы ботлихского языка, репрезентирующие нефинитную модель таксиса	2015						Современные проблемы науки и образования		2			
phdthesis	maxmudova2002	Махмудова, Светлана М.	Грамматические классы слов и грамматические категории рутульского языка	2002									ДГУ		
book	mejlanova1984	Мейланова, Унеизат А.	Будухско-русский словарь	1984	Наука	Москва									
book	merdanova2004	Мерданова, Солмаз Р.	Морфология и грамматическая семантика агульского языка (на материале хпюкского говора) 	2004	РАН ИЯ	Москва									
book	mikailov1967	Микайлов, Казбек Ш.	Арчинский язык	1967	ИЯЛИ	Махачкала									
book	mobili2010	Мобили, Роберт Б.	Удинско-азербайджанско-русский словарь	2010	Леман	Баку									
unpublished	molochieva2007	Molochieva, Zarina	Category of evidentiality and mirativity in Chechen	2007										Conference on the Languages of the Caucasus, 7-9.12.2007, Max Planck Institute EVA, Leipzig. Hand-out	
phdthesis	molochieva2010	Molochieva, Zarina	Tense, aspect and mood in Chechen	2010									Universität Leipzig		
incollection	moroz2019	Moroz, George	Phonology of Mehweb	2019	Language Science Press	Berlin	17--37	The Mehweb language. Essays on phonology, morphology and syntax	Daniel, Michael and Dobrushina, Nina and Ganenkov, Dmitry						
unpublished	morozetaldraft2021	Moroz, George and Naccarato, Chiara and Verhees, Samira	Godoberi	2021	De Gruyter Mouton	Berlin/New York		The Caucasian Languages. An International Handbook	Koryakov, Yuri and Maisak, Timur						
book	musaev2002	Мусаев, Магомед-Саид М.	Даргинский язык	2002	Академия	Москва							ДГУ		
book	mutalov2002	Муталов, Расул О.	Глагол Даргинского языка	2002	Издательско-полигрофический центр ДГУ	Махачкала									
incollection	mutalov2018	Mutalov, Rasul	The tense/aspect system of Standard Dargwa	2018	Brill	Leiden	49--79		Forker, Diana and Maisak, Timur						
book	naftaliev2016	Нафталиев, Мардахай Н.	Еврейско (джуури)-русский словарь	2016	СТМЭГИ	Москва									
incollection	nichols1994	Nichols, Johanna	Chechen	1994	Caravan Press	Delmar, NY	1--77	The Indigenous Languages of the Caucasus, vol. 4: The Northeast Caucasian Languages, Part 2	Smeets, Rieks						
incollection	nichols1994ingush	Nichols, Johanna	Ingush	1994	Caravan Press	Delmar, NY	79--145	The Indigenous Languages of the Caucasus, vol. 4: The Northeast Caucasian Languages, Part 2	Smeets, Rieks						
book	nichols2011	Nichols, Johanna	Ingush grammar	2011	University of California Press	Berkeley/Los Angeles									
mastersthesis	pasquereau2010	Pasquereau, Jérémy	Formes spatiales des noms en karata: emplois spatiaux et non-spatiaux	2010									Université Lumière Lyon II		
unpublished	pasquereaudraft2020	Pasquereau, Jérémy	Karata	2020	De Gruyter Mouton	Berlin/New York		The Caucasian Languages. An International Handbook	Koryakov, Yuri and Maisak, Timur						
unpublished	polinskydraft2015	Polinsky, Maria 	Tsez Syntax: A Description	2015											
article	ramattopadze2007	Ramat, Anna Giacalone and Topadze, Manana	The coding of evidentiality: a comparative look at Georgian and Italian.	2007			7--38			Rivista di Linguistica	19	1			
book	ramazanov2010	Рамазанов, М.Р.	Агульско-русский словарь	2010	Лотос	Махачкала									
incollection	saadiev1994	Saadiev, Sh. M.	Kryts	1994	Caravan Press	Delmar, NY	407--446	The Indigenous Languages of the Caucasus. Vol. 4: The Northeast Caucasian Languages. Part 2	Smeets, Rieks						
book	saidova1973	Саидова, Патимат А.	Годоберинский язык. Грамматический очерк, тексты, словарь	1973	ИЯЛИ	Махачкала									
incollection	saidova2001	Саидова, Патимат А.	Ботлихский язык	2001	Academia	Москва	222--228	Языки Российской Федерации и соседних государств. Энциклопедия в трех томах							
book	saidova2006	Саидова, Патимат А.	Годоберинско-русский словарь	2006	ДНЦ РАН Институт языка, литературы и искусства им. Г. Цадасы и Институт эволюционной антропологии им. М. Планка	Махачкала									
book	saidova2007	Саидова, Патимат А.	Закатальский диалект аварского языка	2007	ИЯЛИ	Махачкала									
book	saidova2008	Саидова, Патимат А.	Диалектологический словарь аварского языка	2008	Наука	Санкт-Петербург									
book	saidovaabusov2012	Саидова, Патимат А. и Абусов, Магомед Г.	Ботлихско-русский словарь	2012	ДНЦ РАН Институт языка, литературы и искусства им. Г. Цадасы и Институт эволюционной антропологии им. М. Планка	Махачкала									
book	salimov2010	Салимов, Хангерей Саидович	Гагатлинский говор андийского языка	2010	ИЯЛИ	Махачкала									
book	schulze1982	Schulze, Wolfgang	Die Sprache der Uden in Nord-Azerbajdžan	1982	Otto Harrasowitz	Wiesbaden									
unpublished	schulze2005	Schulze, Wolfgang	A functional grammar of Udi	2005											
incollection	schulze2016khinalug	Schulze, Wolfgang	Khinalug	2016	De Gruyter Mouton	Berlin/Boston	3605--3622	Word-Formation. An International Handbook of the Languages of Europe. Volume 5	Müller, Peter O. and Ohnheiser, Ingeborg and Olsen, Susan and Rainer, Franz						
incollection	schulze2016lak	Schulze, Wolfgang	Lak	2016	De Gruyter Mouton	Berlin/Boston	3622--3638	Word-Formation. An International Handbook of the Languages of Europe. Volume 5	Müller, Peter O. and Ohnheiser, Ingeborg and Olsen, Susan and Rainer, Franz						
incollection	schulze2016udi	Schulze, Wolfgang	Udi	2016	De Gruyter Mouton	Berlin/Boston	3564--3578	Word-Formation. An International Handbook of the Languages of Europe. Volume 5	Müller, Peter O. and Ohnheiser, Ingeborg and Olsen, Susan and Rainer, Franz						
phdthesis	shakhbanova2007	Шахбанова, Джума Н.	Бутринский говор даргинского языка	2007									Дагестанский Государственный Педагогический Университет		
article	shejkhov1983	Шейхов, Э. М.	Система послелогов в будухском языке	1983	Карачаево-черкесский НИИ истории, филологии и экономики	Черкесск	282--287	Система превербов и послелогов в иберийско-кавказских языках							
book	shiralievsevortyan1971	Ширалиев, Мамедага Ш. и Севортян, Эрванд В.	Грамматика азербайджанского языка (фонетика, морфология, синтаксис)	1971	Элм	Баку									
incollection	sosenskaja1999	Сосенская, Татьяна Б.	Сравнительные конструкции	1999	Наследие	Москва	560--568	Элементы цахурского языка в типологическом освещении	Кибрик, Александр Е. и Татевосов, Сергей Г.						
incollection	sosenskaja1999num	Сосенская, Татьяна Б.	Числительное	1999	Наследие	Москва	152-180	Элементы цахурского языка в типологическом освещении	Кибрик, Александр Е. и Татевосов, Сергей Г.						
incollection	sosenskaja1999post	Сосенская, Татьяна Б.	Послелог	1999	Наследие	Москва	121--129	Элементы цахурского языка в типологическом освещении	Кибрик, Александр Е. и Татевосов, Сергей Г.						
incollection	sosenskaja2001	Сосенская, Татьяна Б.	Сравнительные конструкции	2001	Наследие	Москва	408--424	Багвалинский язык. Грамматика, тексты, словари	Кибрик, Александр Е. и Лютикова, Екатерина А. и Татевосов, Сергей Г.						
incollection	sosenskajatatevosov1996	Sosenskaja, Tatjana and Tatevosov, Sergej	Comparative construction	1996	Lincom Europa	Munich/Newcastle	167--169	Godoberi	Kibrik, Alexandr and Tatevosov, Sergej and Eulenberg, Alexander						
article	sulejmanova2013	Сулейманова, Джавгарат И.	Названия животных в ботлихском языке	2013			195--198			Вестник ВЭГУ	65	3			
phdthesis	suleymanov1957	Сулейманов, Я. Г.	Грамматический очерк андийского языка (по данным говора с. Риквани)	1957		Москва							Институт языкознания РАН СССР		
book	sumbatovalander2014	Сумбатова, Нина Р. и Ландер, Юрий А.	Даргинский говор селения Танты: грамматический очерк. Вопросы синтаксиса	2014	Языки славянской культуры	Москва									
book	sumbatovamutalov2003	Sumbatova, Nina R. and Mutalov, Rasul O.	A Grammar of Icari Dargwa	2003	Lincom Europa	Munich									
book	talibov2007	Талибов, Букар Б.	Будухский язык	2007	Академия	Москва									
book	talibovgadzhiev1966	Талибов, Букар Б. и Гаджиев, М. М.	Лезгинско-русский словарь	1966	Советская Энциклопедия	Москва									
incollection	tatevosov1996a	Tatevosov, Sergei	Attributives	1996	Lincom Europa	Munich/Newcastle	20--35	Godoberi	Kibrik, Alexandr E. and Tatevosov, Sergej G. and Eulenberg, Alexander						
incollection	tatevosov1996b	Tatevosov, Sergei	Quantification	1996	Lincom Europa	Munich/Newcastle	237-255	Godoberi	Kibrik, Alexandr E. and Tatevosov, Sergej G. and Eulenberg, Alexander						
article	tatevosov2001	Tatevosov, Sergei	From resultatives to evidentials: Multiple uses of the perfect in Nakh-Daghestanian languages	2001			443--464			Journal of Pragmatics	33	3			
incollection	tatevosov2001gramtense	Татевосов, Сергей Г.	Аналитические глагольные формы	2001	Наследие	Москва	105--115	Багвалинский язык. Грамматика, тексты, словари	Кибрик, Александр Е. и Лютикова, Екатерина А. и Татевосов, Сергей Г.						
incollection	tatevosov2001numerals	Татевосов, Сергей Г.	Числительное	2001	Наследие	Москва	155--159	Багвалинский язык. Грамматика, тексты, словари	Кибрик, Александр Е. и Лютикова, Екатерина А. и Татевосов, Сергей Г.						
incollection	tatevosov2007	Татевосов, Сергей Г.	Эвиденциальность и адмиратив в багвалинском языке	2007	Наука	Санкт-Петербург	351--397	Эвиденциальность в языках Европы и Азии: сборник статей памяти Натальи Андреевны Козинцевой	Храковский, Виктор С.						
book	temirbulatova2004	Темирбулатова, С. М.	Хайдакский диалект даргинского языка	2004	Институт языка, литературы и искусства им. Г. Цадасы	Махачкала									
incollection	testelecxalilov1998	Тестелец, Яков Г. и Халилов, Маджид Ш.	Бежтинский язык	1998	Academia	Москва	44--53	Языки мира. Кавказские языки	Алексеев, Михаил Е. и др.						
book	vandenberg1995	van den Berg, Helma	A grammar of Hunzib	1995	Lincom	Munich									
book	vandenberg2001	van den Berg, Helma	Dargi folktales. Oral stories from the Caucaus with an introduction to Dargi grammar	2001	CNWS	Leiden									
incollection	verhees2018	Verhees, Samira	The perfect in Avar and Andi: Cross-linguistic variation among two closely related East Caucasian languages	2018	John Benjamins	Amsterdam	261--280	Tense, aspect, modality and evidentiality: Cross-linguistic perspectives	Ayoun, Dalila and Celle, Agnès and Lansari, Laure						
unpublished	verheesnaccarato2019	Verhees, Samira and Naccarato, Chiara	Towards a tentative origin of animacy markers in Botlikh	2019											
incollection	wilson2021	Wilson, Daniel J.	A sketch of Sagada morphology	2021	Институт языкознания РАН	Москва	386--410	Дурхъаси хазна. Сборник статей к 60-летию Р.О.Муталова	Майсак, Тимур А. и Сумбатова, Нина Р. и Тестелец, Яков Г.						
article	xalidova2017	Халидова, Рашидат Ш.	Лингвистический портрет ботлихского языка	2017			77--81			Вестник Академии наук Чеченской республики	34	1			
incollection	xalilov1998	Халилов, Маджид Ш.	Цезский язык	1998	Academia	Москва	62--73	Языки мира. Кавказские языки	Алексеев, Михаил Е. и Климов, Георгий А. и Старостин, Сергей А. и Тестелец, Яков Г. 						
book	xalilov1999	Халилов, Маджид Ш.	Цезско-русский словарь	1999	ДНЦ РАН Институт языка, литературы и искусства им. Г. Цадасы и Институт эволюционной антропологии им. М. Планка	Махачкала									
book	xalilov2015	Халилов, Маджид Ш.	Словарь бежтинского языка	2015	ДНЦ РАН Институт языка, литературы и искусства им. Г. Цадасы и Институт эволюционной антропологии им. М. Планка	Махачкала									
book	xalilovisakov2005	Халилов, Маджид Ш. и Исаков, Исак А.	Гинухско-русский словарь	2005	ДНЦ РАН Институт языка, литературы и искусства им. Г. Цадасы и Институт эволюционной антропологии им. М. Планка	Махачкала									
book	xanmagomedovshalbuzov2001	Ханмагомедов, Бейдуллах Г-.К. и Шалбузов, Ким Т.	Табасаранско-русский словарь	2001	Наука	Москва									
book	yusupov2014	Юсупов, Хизри А. 	Даргинско-русский словарь 	2014	Институт истории, языка и литературы им. Г. Цадасы	Махачкала									
book	zhirkov1936	Жирков, Лев И.	Аварско-русский словарь	1936	"Государственный институт ""Советская энциклопедия"""	Москва									
book	zhirkov1955	Жирков, Лев И.	Лакский язык	1955	Академия	Москва									
article	martzloff2017	Martzloff, Vincent	The derivational history of ordinal numbers in Armenian, Georgian and other Caucasian languages	2017	Институт языка, литературы и искусства им. Гамзата Цадасы ДНЦ РАН	Махачкала	154—158	Historical linguistics of the Caucasus: Book of abstracts	Отье Ж., Жерарден Э., Магомедов М. И., Майсак Т. А.						
